{
  "basin": {
    "global_min": -6.139009977862301,
    "SA": {
      "errors": [
        0.5969701422345546,
        3.7898709590657766,
        2.508426984830559,
        1.7305030820045273,
        3.4370700453947864,
        0.8310639035316729,
        4.663089841720806,
        3.69532007839328,
        0.5378630761955039,
        1.5188238132198384
      ],
      "ratios": [
        0.0296,
        0.0248,
        0.0292,
        0.0256,
        0.0304,
        0.03,
        0.0252,
        0.0212,
        0.026,
        0.03
      ],
      "successes": [
        0,
        0,
        0,
        0,
        0,
        0,
        0,
        0,
        0,
        0
      ],
      "times": [
        0.0028629302978515625,
        0.0012650489807128906,
        0.0012574195861816406,
        0.0012590885162353516,
        0.001230001449584961,
        0.0012230873107910156,
        0.001256704330444336,
        0.001271963119506836,
        0.0012884140014648438,
        0.0012395381927490234
      ]
    },
    "BO": {
      "errors": [
        0.0,
        0.0,
        0.0,
        0.0,
        0.0,
        0.0,
        0.0,
        0.0,
        0.0,
        0.0
      ],
      "ratios": [
        0.042,
        0.042,
        0.042,
        0.042,
        0.042,
        0.042,
        0.042,
        0.042,
        0.042,
        0.042
      ],
      "successes": [
        1,
        1,
        1,
        1,
        1,
        1,
        1,
        1,
        1,
        1
      ],
      "times": [
        28.68340539932251,
        28.485060930252075,
        28.603694677352905,
        28.656908988952637,
        28.64737820625305,
        28.727980852127075,
        28.44934320449829,
        28.654798984527588,
        28.63233780860901,
        28.55036735534668
      ]
    },
    "SDIM": {
      "errors": [
        1.5874036570906451,
        1.5925697647388155,
        0.5089998263230102,
        2.667548001370328,
        1.1733468650594556,
        0.5428791603474377,
        1.2984602416413589,
        0.9052651663163376,
        0.1414241597681256,
        0.482778060334053
      ],
      "ratios": [
        0.042,
        0.042,
        0.042,
        0.042,
        0.042,
        0.042,
        0.042,
        0.042,
        0.042,
        0.042
      ],
      "successes": [
        0,
        0,
        0,
        0,
        0,
        0,
        0,
        0,
        0,
        0
      ],
      "times": [
        33.313377380371094,
        33.24966239929199,
        33.17796516418457,
        33.18420124053955,
        33.21986198425293,
        33.02509832382202,
        33.007665157318115,
        33.29761815071106,
        33.092843532562256,
        33.04881429672241
      ]
    }
  },
  "multi-peak": {
    "global_min": -16.28377993781403,
    "SA": {
      "errors": [
        0.0,
        5.555734954785649,
        0.0,
        0.9355602920533332,
        0.9658932891772345,
        10.594526182074215,
        1.0467987412542392,
        0.24032279089752073,
        8.224444423364993,
        0.20582275819187856
      ],
      "ratios": [
        0.0232,
        0.028,
        0.028,
        0.0268,
        0.028,
        0.0244,
        0.0248,
        0.0288,
        0.026,
        0.0244
      ],
      "successes": [
        1,
        0,
        1,
        0,
        0,
        0,
        0,
        0,
        0,
        0
      ],
      "times": [
        0.0012984275817871094,
        0.001299142837524414,
        0.0013191699981689453,
        0.001249551773071289,
        0.0012481212615966797,
        0.001257181167602539,
        0.001260519027709961,
        0.0012390613555908203,
        0.002085447311401367,
        0.0017304420471191406
      ]
    },
    "BO": {
      "errors": [
        0.0,
        0.0,
        0.0,
        0.0,
        0.0,
        0.0,
        0.0,
        0.0,
        0.0,
        0.0
      ],
      "ratios": [
        0.042,
        0.042,
        0.042,
        0.042,
        0.042,
        0.042,
        0.042,
        0.042,
        0.042,
        0.042
      ],
      "successes": [
        1,
        1,
        1,
        1,
        1,
        1,
        1,
        1,
        1,
        1
      ],
      "times": [
        28.25939917564392,
        28.447569370269775,
        28.30423855781555,
        28.697855710983276,
        28.67388367652893,
        28.509817361831665,
        28.541563749313354,
        31.0473952293396,
        44.45151925086975,
        30.972388982772827
      ]
    },
    "SDIM": {
      "errors": [
        3.0249708994320397,
        1.008544048239635,
        1.0308386308549693,
        0.6364131740317767,
        1.3593298642126612,
        0.725665846267443,
        0.9112760099352002,
        0.7845350236484396,
        2.9818439883696293,
        2.426694490210412
      ],
      "ratios": [
        0.042,
        0.042,
        0.042,
        0.042,
        0.042,
        0.042,
        0.042,
        0.042,
        0.042,
        0.042
      ],
      "successes": [
        0,
        0,
        0,
        0,
        0,
        0,
        0,
        0,
        0,
        0
      ],
      "times": [
        33.053664445877075,
        33.34489965438843,
        33.100993633270264,
        33.2608916759491,
        33.119107246398926,
        33.22139525413513,
        33.16584587097168,
        46.86748743057251,
        48.39704370498657,
        47.24619650840759
      ]
    }
  },
  "hilly": {
    "global_min": -0.16548652729766844,
    "SA": {
      "errors": [
        0.055693100377754684,
        0.011964754602335675,
        0.02897782564815199,
        0.08840314126565649,
        0.10298600341144462,
        0.03592544464030037,
        0.047351070570573965,
        0.08343419428578198,
        0.13794925275534026,
        0.03197150940162452
      ],
      "ratios": [
        0.03,
        0.0336,
        0.0332,
        0.0356,
        0.032,
        0.0292,
        0.0308,
        0.0328,
        0.0332,
        0.0332
      ],
      "successes": [
        0,
        0,
        0,
        0,
        0,
        0,
        0,
        0,
        0,
        0
      ],
      "times": [
        0.0017981529235839844,
        0.0012195110321044922,
        0.0012187957763671875,
        0.0012919902801513672,
        0.0013091564178466797,
        0.001224517822265625,
        0.0012531280517578125,
        0.0012209415435791016,
        0.0012295246124267578,
        0.0012278556823730469
      ]
    },
    "BO": {
      "errors": [
        0.012519592832951204,
        0.011854916861419484,
        0.0,
        0.00967664666407217,
        0.017971421357270076,
        0.0,
        0.0,
        0.010484216446824124,
        0.0069693689051660845,
        0.0
      ],
      "ratios": [
        0.042,
        0.042,
        0.042,
        0.042,
        0.042,
        0.042,
        0.042,
        0.042,
        0.042,
        0.0416
      ],
      "successes": [
        0,
        0,
        1,
        1,
        0,
        1,
        1,
        0,
        1,
        1
      ],
      "times": [
        28.971716165542603,
        29.03165030479431,
        28.59190082550049,
        28.72147226333618,
        28.646300792694092,
        28.691882133483887,
        28.58565616607666,
        28.904849767684937,
        28.965943336486816,
        29.10141372680664
      ]
    },