{
  "best_T0": 30,
  "best_alpha": 0.95,
  "best_error": 1.167086170156114,
  "best_ratio": 0.02288,
  "T0_values": [
    10,
    30,
    50,
    100,
    200
  ],
  "alpha_values": [
    0.85,
    0.9,
    0.95,
    0.98,
    0.99
  ],
  "error_matrix": [
    [
      3.235739289606159,
      2.4708514221657767,
      1.6741789892801016,
      2.407078711074101,
      3.6897675703115986
    ],
    [
      3.616821666480188,
      3.485987631688034,
      1.167086170156114,
      3.3946459287647115,
      2.81026055932759
    ],
    [
      2.7767966720879897,
      2.3523034503057487,
      1.4116445532117297,
      2.64912693377567,
      3.1718469530951103
    ],
    [
      1.9770485526907247,
      2.5203875383469656,
      2.708408338458504,
      2.5348398381212296,
      3.406504565043921
    ],
    [
      2.4483565369040994,
      1.5732340607082005,
      2.916926132876303,
      2.4702820385425093,
      2.930059869039905
    ]
  ],
  "std_matrix": [
    [
      2.352624425836932,
      1.8404857175788145,
      1.209230351244551,
      2.0060820568488413,
      1.5600132718198407
    ],
    [
      1.739339118388619,
      1.5428451144382351,
      0.6274051845635855,
      1.513791282388109,
      1.7862905506092246
    ],
    [
      1.89047973838149,
      1.8957226991221858,
      1.5304802832353734,
      1.6252012955059132,
      1.7247953545054382
    ],
    [
      2.1889100653450337,
      2.067977574974285,
      1.2965124761793112,
      1.4334079799356376,
      1.4641213919642164
    ],
    [
      1.7570927654320658,
      1.7520734314288429,
      2.0501103854835465,
      1.7124665478034198,
      0.984901158672417
    ]
  ],
  "ratio_matrix": [
    [
      0.0076,
      0.01012,
      0.01672,
      0.027480000000000004,
      0.029720000000000003
    ],
    [
      0.00908,
      0.01304,
      0.02288,
      0.031160000000000004,
      0.030679999999999995
    ],
    [
      0.01136,
      0.014600000000000002,
      0.02496,
      0.031120000000000002,
      0.03164
    ],
    [
      0.01128,
      0.01752,
      0.028600000000000004,
      0.032159999999999994,
      0.0306
    ],
    [
      0.01236,
      0.019520000000000003,
      0.029320000000000002,
      0.031080000000000003,
      0.03196
    ]
  ]
}